Nombre,Creado,Creado Por:,Etiquetas
#Abrircaja,15 de abril de 2025 10:41,,
#Actualice,15 de abril de 2025 10:47,,
#CaidaARCA/facturante,15 de abril de 2025 10:47,,
#cerrarcaja,15 de abril de 2025 10:47,,
#certificadodigitalchile,15 de abril de 2025 10:47,,
#desbloqueo,15 de abril de 2025 10:47,,
#crearturno,15 de abril de 2025 10:47,,
#facturaperu,15 de abril de 2025 10:47,,
#hay,15 de abril de 2025 10:47,,
Saludo,15 de abril de 2025 10:48,,
#InstalarRemote,15 de abril de 2025 10:48,,
#Ipestatica,15 de abril de 2025 10:48,,
#Multisesion,15 de abril de 2025 10:48,,
#sesion,15 de abril de 2025 21:31,,
Anydesk,15 de abril de 2025 21:31,,
Cambio puerto Red impresora,15 de abril de 2025 21:31,,
CAPAS,15 de abril de 2025 21:31,,
CHATDUPLICADO,15 de abril de 2025 21:31,,
Confirmacion,15 de abril de 2025 21:31,,
Creación Clientes COL,15 de abril de 2025 21:31,,
Desasignarextras,15 de abril de 2025 21:31,,
DESPEDIDA,15 de abril de 2025 21:31,,
Errordeturno,15 de abril de 2025 21:31,,
FiscalErrorpuerto,15 de abril de 2025 21:31,,
SaludoFueradeHorario,15 de abril de 2025 21:31,,
IntermitenciaFacturaDIAN,15 de abril de 2025 21:31,,
IP Self Test,15 de abril de 2025 21:31,,
Local,15 de abril de 2025 21:32,,
Onderduplicada,15 de abril de 2025 21:32,,
PagartoteatxMercadoPago,15 de abril de 2025 21:32,,
PartnersInfraestructuraChile,15 de abril de 2025 21:32,,
PEYAcambiodeapi,15 de abril de 2025 21:32,,
prueba,15 de abril de 2025 21:32,,
Redelcom Soporte,16 de abril de 2025 10:03,,
ReinicioimpresoraUSB,16 de abril de 2025 10:03,,
ReseteoCAJA,16 de abril de 2025 10:03,,
Resolución Colombia,16 de abril de 2025 10:03,,
Satisfaccion,16 de abril de 2025 10:03,,
SinRespuestaCliente,16 de abril de 2025 10:03,,
Sinpermiso,16 de abril de 2025 10:03,,
Tiempodeespera,16 de abril de 2025 10:03,,
usoservidor,16 de abril de 2025 10:03,,
Self TestChinas,16 de abril de 2025 10:03,,
,16 de abril de 2025 10:03,,