Nombre,Creado,Etiquetas,Fecha,Place
Semana 30,27 de agosto de 2025 12:40,,,
Semana 31,27 de agosto de 2025 12:40,,,
Semana 32,27 de agosto de 2025 12:40,,,
Semana 33,27 de agosto de 2025 12:40,,,
Semana 34,27 de agosto de 2025 12:40,,,
Semana 35,27 de agosto de 2025 12:41,,,
Semana 36,4 de septiembre de 2025 10:47,,,
Semana 37,11 de septiembre de 2025 12:24,,,
Semana 40,23 de septiembre de 2025 16:09,,,
Semana 39,23 de septiembre de 2025 16:09,,,
Semana 41,2 de octubre de 2025 11:55,,,
Semana 42(6-12 Octubre),8 de octubre de 2025 14:22,,,
"Semana 43(13-19 Octubre) ",16 de octubre de 2025 12:32,,,
Semana 46 (10 al 16 de nov),12 de noviembre de 2025 19:37,,,